{
    "best_model": "Logistic Regression",
    "accuracy": 0.9875,
    "precision": 0.9874213836477987,
    "recall": 1.0,
    "f1": 0.9936708860759493,
    "roc_auc": 0.9872611464968153
}